{"layouts":{"layout-1":{"data":{"layout-restorer:data":{"main":{"dock":{"type":"split-area","orientation":"horizontal","children":[{"type":"tab-area","widgets":["notebook:Guide.ipynb"],"currentIndex":0},{"type":"split-area","orientation":"vertical","children":[{"type":"tab-area","widgets":["editor:backend/flaskr/__init__.py","editor:setup-trivia.sh","editor:backend/models.py","editor:backend/test_flaskr.py"],"currentIndex":1},{"type":"tab-area","widgets":["terminal:1"],"currentIndex":0}],"sizes":[0.48278399367438724,0.5172160063256127]}],"sizes":[0.545880149812734,0.4541198501872659]}}}}}},"termTheme":"dark"}